BU(CN),REPTagName,REPTrtyCode,REPKCode,YM,FamilyNameE,Actual,Target,Last Yr Actual,Actual Qty,Last Yr Actual Qty,growth_factor,count,growth_bonus,growth_factor2,AT,growth_bonus2
CVRM,CV_C(B+C),,MR_C40016_V,202001,Brilinta 60mg,-2880,12317,0,0,0,0.14,1,0,0.14,,
CVRM,CV_C(B+C),,MR_C40016_V,202001,Brilinta 90mg,115315,162281,73113,0,0,0.11,1,4642.22,0.11,,
CVRM,CV_C(B+C),,MR_C40016_V,202001,Crestor,38031,97692,108249.9989,0,0,0.05,1,0,0.05,,
CVRM,CV_C(B+C),,MR_C40043_V,202001,Brilinta 60mg,0,0,0,0,0,0.14,1,0,0.14,,
CVRM,CV_C(B+C),,MR_C40043_V,202001,Brilinta 90mg,0,2856,831,0,0,0.11,1,0,0.11,,
CVRM,CV_C(B+C),,MR_C40043_V,202001,Crestor,427517,310272,390999.9961,0,0,0.05,1,1825.850196,0.05,,
CVRM,CV_C(B+C),,KCWS709,202001,Brilinta 60mg,0,12662,0,0,0,0.14,1,0,0.14,,
CVRM,CV_C(B+C),,KCWS709,202001,Brilinta 90mg,246332,165597,263039,0,0,0.11,1,0,0.11,,
CVRM,CV_C(B+C),,KCWS709,202001,Crestor,202195,113724,131819.9987,0,0,0.05,1,3518.750066,0.05,,
CVRM,CV_C(B+C),,KSNX308,202001,Brilinta 60mg,0,7026,0,0,0,0.14,1,0,0.14,,
CVRM,CV_C(B+C),,KSNX308,202001,Brilinta 90mg,149544,141932,94714,0,0,0.11,1,6031.3,0.11,,
CVRM,CV_C(B+C),,KSNX308,202001,Crestor,212699,134375,107999.9989,0,0,0.05,1,5234.950054,0.05,,
CVRM,CV_C(B+C),,KJGB657,202001,Brilinta 60mg,600,955,0,0,0,0.14,1,84,0.14,,
CVRM,CV_C(B+C),,KJGB657,202001,Brilinta 90mg,135503,117361,106345,0,0,0.11,1,3207.38,0.11,,
CVRM,CV_C(B+C),,KJGB657,202001,Crestor,79191,78028,95499.99905,0,0,0.05,1,0,0.05,,
CVRM,CV_C(B+C),,KVXR420,202001,Brilinta 60mg,0,15262,0,0,0,0.14,1,0,0.14,,
CVRM,CV_C(B+C),,KVXR420,202001,Brilinta 90mg,308988,290324,295940,0,0,0.11,1,1435.28,0.11,,
CVRM,CV_C(B+C),,KVXR420,202001,Crestor,221118,208635,335999.9966,0,0,0.05,1,0,0.05,,
CVRM,CV_C(B+C),,KQFF447,202001,Brilinta 60mg,600,14834,0,0,0,0.14,1,84,0.14,,
CVRM,CV_C(B+C),,KQFF447,202001,Brilinta 90mg,189538,172080,88815,0,0,0.11,1,11079.53,0.11,,
CVRM,CV_C(B+C),,KQFF447,202001,Crestor,233939,203024,349899.9965,0,0,0.05,1,0,0.05,,
CVRM,CV_C(B+C),,KPMT492,202001,Brilinta 60mg,0,7860,600,0,0,0.14,1,0,0.14,,
CVRM,CV_C(B+C),,KPMT492,202001,Brilinta 90mg,198312,99085,51096,0,0,0.11,1,16193.76,0.11,,
CVRM,CV_C(B+C),,KPMT492,202001,Crestor,123604,191869,188699.9981,0,0,0.05,1,0,0.05,,
CVRM,CV_C(B+C),,KJWG203,202001,Brilinta 60mg,0,2483,0,0,0,0.14,1,0,0.14,,
CVRM,CV_C(B+C),,KJWG203,202001,Brilinta 90mg,108419,105981,32818,0,0,0.11,1,8316.11,0.11,,
CVRM,CV_C(B+C),,KJWG203,202001,Crestor,32184,67419,114875.4534,0,0,0.05,1,0,0.05,,
CVRM,CV_C(B+C),,MR_C40402_V,202001,Brilinta 60mg,180,2063,0,0,0,0.14,1,25.2,0.14,,
CVRM,CV_C(B+C),,MR_C40402_V,202001,Brilinta 90mg,831,134025,0,0,0,0.11,1,91.41,0.11,,
CVRM,CV_C(B+C),,MR_C40402_V,202001,Crestor,73440,89587,48359.99952,0,0,0.05,1,1254.000024,0.05,,
CVRM,CV_C(B+C),,KHBH842,202001,Brilinta 60mg,0,4813,0,0,0,0.14,1,0,0.14,,
CVRM,CV_C(B+C),,KHBH842,202001,Brilinta 90mg,274995,197651,84744,0,0,0.11,1,20927.61,0.11,,
CVRM,CV_C(B+C),,KHBH842,202001,Crestor,-1309,89444,57057.27216,0,0,0.05,1,0,0.05,,
CVRM,CV_C(B+C),,KQJD476,202001,Brilinta 60mg,0,4373,0,0,0,0.14,1,0,0.14,,
CVRM,CV_C(B+C),,KQJD476,202001,Brilinta 90mg,93465,80553,62727,0,0,0.11,1,3381.18,0.11,,
CVRM,CV_C(B+C),,KQJD476,202001,Crestor,80273,185715,182399.9982,0,0,0.05,1,0,0.05,,
CVRM,CV_C(B+C),,KGQK202,202001,Brilinta 60mg,0,3274,0,0,0,0.14,1,0,0.14,,
CVRM,CV_C(B+C),,KGQK202,202001,Brilinta 90mg,61479,87419,36556,0,0,0.11,1,2741.53,0.11,,
CVRM,CV_C(B+C),,KGQK202,202001,Crestor,359867,169366,184289.9982,0,0,0.05,1,8778.850092,0.05,,
CVRM,CV_C(B+C),,KSHR329,202001,Brilinta 60mg,0,10108,0,0,0,0.14,1,0,0.14,,
CVRM,CV_C(B+C),,KSHR329,202001,Brilinta 90mg,135420,107042,71866,0,0,0.11,1,6990.94,0.11,,
CVRM,CV_C(B+C),,KSHR329,202001,Crestor,84210,102467,126069.9987,0,0,0.05,1,0,0.05,,
CVRM,CV_C(B+C),,KVWJ036,202001,Brilinta 60mg,20100,38808,0,0,0,0.14,1,2814,0.14,,
CVRM,CV_C(B+C),,KVWJ036,202001,Brilinta 90mg,87793,227736,312390,0,0,0.11,1,0,0.11,,
CVRM,CV_C(B+C),,KVWJ036,202001,Crestor,277111,194033,369149.9963,0,0,0.05,1,0,0.05,,
CVRM,CV_C(B+C),,KKGZ617,202001,Brilinta 60mg,0,8203,0,0,0,0.14,1,0,0.14,,
CVRM,CV_C(B+C),,KKGZ617,202001,Brilinta 90mg,155277,240439,267110,0,0,0.11,1,0,0.11,,
CVRM,CV_C(B+C),,KKGZ617,202001,Crestor,93088,170508,109679.9989,0,0,0.05,1,0,0.05,,
CVRM,CV_C(B+C),,KDBS376,202001,Brilinta 60mg,0,7786,720,0,0,0.14,1,0,0.14,,
CVRM,CV_C(B+C),,KDBS376,202001,Brilinta 90mg,141896,142665,76312,0,0,0.11,1,7214.24,0.11,,
CVRM,CV_C(B+C),,KDBS376,202001,Crestor,334479,123949,179319.9982,0,0,0.05,1,7757.95009,0.05,,
CVRM,CV_C(B+C),,MR_C40650_V,202001,Brilinta 60mg,0,17404,0,0,0,0.14,1,0,0.14,,
CVRM,CV_C(B+C),,MR_C40650_V,202001,Brilinta 90mg,151206,151355,92388,0,0,0.11,1,6469.98,0.11,,
CVRM,CV_C(B+C),,MR_C40650_V,202001,Crestor,0,32963,21599.99978,0,0,0.05,1,0,0.05,,
CVRM,CV_C(B+C),,KDDP288,202001,Brilinta 60mg,0,12294,480,0,0,0.14,1,0,0.14,,
CVRM,CV_C(B+C),,KDDP288,202001,Brilinta 90mg,138524,121017,95296,0,0,0.11,1,4755.08,0.11,,
CVRM,CV_C(B+C),,KDDP288,202001,Crestor,64060,38719,94089.99906,0,0,0.05,1,0,0.05,,
CVRM,CV_C(B+C),,KTNT696,202001,Brilinta 60mg,0,15128,0,0,0,0.14,1,0,0.14,,
CVRM,CV_C(B+C),,KTNT696,202001,Brilinta 90mg,100446,75765,25340,0,0,0.11,1,8261.66,0.11,,
CVRM,CV_C(B+C),,KTNT696,202001,Crestor,180462,94290,144589.9986,0,0,0.05,1,1793.600072,0.05,,
CVRM,CV_C(B+C),,KJJK556,202001,Brilinta 60mg,0,28192,0,0,0,0.14,1,0,0.14,,
CVRM,CV_C(B+C),,KJJK556,202001,Brilinta 90mg,32484,343212,332390,0,0,0.11,1,0,0.11,,
CVRM,CV_C(B+C),,KJJK556,202001,Crestor,259590,110459,161759.9984,0,0,0.05,1,4891.500081,0.05,,
CVRM,CV_C(B+C),,KZFG391,202001,Brilinta 60mg,16440,40226,11880,0,0,0.14,1,638.4,0.14,,
CVRM,CV_C(B+C),,KZFG391,202001,Brilinta 90mg,3988,260880,200561,0,0,0.11,1,0,0.11,,
CVRM,CV_C(B+C),,KZFG391,202001,Crestor,123172,92607,97899.99902,0,0,0.05,1,1263.600049,0.05,,
CVRM,CV_C(B+C),,KQGW443,202001,Brilinta 60mg,120,10314,0,0,0,0.14,1,16.8,0.14,,
CVRM,CV_C(B+C),,KQGW443,202001,Brilinta 90mg,106991,53877,55011,0,0,0.11,1,5717.8,0.11,,
CVRM,CV_C(B+C),,KQGW443,202001,Crestor,15000,19725,38539.99962,0,0,0.05,1,0,0.05,,
CVRM,CV_C(B+C),,MR_C40817_V,202001,Brilinta 60mg,0,9978,0,0,0,0.14,1,0,0.14,,
CVRM,CV_C(B+C),,MR_C40817_V,202001,Brilinta 90mg,109084,151175,134926,0,0,0.11,1,0,0.11,,
CVRM,CV_C(B+C),,MR_C40817_V,202001,Crestor,0,144949,179999.9982,0,0,0.05,1,0,0.05,,
CVRM,CV_C(B+C),,KNFP954,202001,Brilinta 60mg,1200,19363,600,0,0,0.14,1,84,0.14,,
CVRM,CV_C(B+C),,KNFP954,202001,Brilinta 90mg,198110,159426,92305,0,0,0.11,1,11638.55,0.11,,
CVRM,CV_C(B+C),,KNFP954,202001,Crestor,43569,10723,43529.99957,0,0,0.05,1,1.950022,0.05,,
CVRM,CV_C(B+C),,KMHS535,202001,Brilinta 60mg,0,8351,0,0,0,0.14,1,0,0.14,,
CVRM,CV_C(B+C),,KMHS535,202001,Brilinta 90mg,181201,202816,190674,0,0,0.11,1,0,0.11,,
CVRM,CV_C(B+C),,KMHS535,202001,Crestor,3071,6090,16299.99984,0,0,0.05,1,0,0.05,,
CVRM,CV_C(B+C),,KQZH643,202001,Brilinta 60mg,240,3438,0,0,0,0.14,1,33.6,0.14,,
CVRM,CV_C(B+C),,KQZH643,202001,Brilinta 90mg,55913,95212,50016,0,0,0.11,1,648.67,0.11,,
CVRM,CV_C(B+C),,KQZH643,202001,Crestor,168900,106514,145719.9985,0,0,0.05,1,1159.000073,0.05,,
CVRM,CV_C(B+C),,KGLF893,202001,Brilinta 60mg,0,17190,0,0,0,0.14,1,0,0.14,,
CVRM,CV_C(B+C),,KGLF893,202001,Brilinta 90mg,120602,142680,206792,0,0,0.11,1,0,0.11,,
CVRM,CV_C(B+C),,KGLF893,202001,Crestor,176498,125522,155415.453,0,0,0.05,1,1054.12735,0.05,,
CVRM,CV_C(B+C),,KFPW036,202001,Brilinta 60mg,86,3064,0,0,0,0.14,1,12.04,0.14,,
CVRM,CV_C(B+C),,KFPW036,202001,Brilinta 90mg,284261,173823,129686,0,0,0.11,1,17003.25,0.11,,
CVRM,CV_C(B+C),,KFPW036,202001,Crestor,138834,221502,214369.9979,0,0,0.05,1,0,0.05,,
CVRM,CV_C(B+C),,KDZX845,202001,Brilinta 60mg,0,4296,0,0,0,0.14,1,0,0.14,,
CVRM,CV_C(B+C),,KDZX845,202001,Brilinta 90mg,64138,147951,90560,0,0,0.11,1,0,0.11,,
CVRM,CV_C(B+C),,KDZX845,202001,Crestor,325873,348901,350077.2692,0,0,0.05,1,0,0.05,,
CVRM,CV_C(B+C),,KXVC238,202001,Brilinta 60mg,900,0,3900,0,0,0.14,1,0,0.14,,
CVRM,CV_C(B+C),,KXVC238,202001,Brilinta 90mg,162713,142772,120137,0,0,0.11,1,4683.36,0.11,,
CVRM,CV_C(B+C),,KXVC238,202001,Crestor,113783,88169,141839.9986,0,0,0.05,1,0,0.05,,
CVRM,CV_C(B+C),,KCTV243,202001,Brilinta 60mg,0,8958,0,0,0,0.14,1,0,0.14,,
CVRM,CV_C(B+C),,KCTV243,202001,Brilinta 90mg,133850,150749,60683,0,0,0.11,1,8048.37,0.11,,
CVRM,CV_C(B+C),,KCTV243,202001,Crestor,168522,206646,235259.9976,0,0,0.05,1,0,0.05,,
CVRM,CV_C(B+C),,KVTQ246,202001,Brilinta 60mg,0,10697,0,0,0,0.14,1,0,0.14,,
CVRM,CV_C(B+C),,KVTQ246,202001,Brilinta 90mg,23304,164083,47440,0,0,0.11,1,0,0.11,,
CVRM,CV_C(B+C),,KVTQ246,202001,Crestor,72124,74879,195284.5435,0,0,0.05,1,0,0.05,,
CVRM,CV_C(B+C),,KJQW880,202001,Brilinta 60mg,4560,22227,0,0,0,0.14,1,638.4,0.14,,
CVRM,CV_C(B+C),,KJQW880,202001,Brilinta 90mg,219830,113083,154949,0,0,0.11,1,7136.91,0.11,,
CVRM,CV_C(B+C),,KJQW880,202001,Crestor,12919,57497,137479.9986,0,0,0.05,1,0,0.05,,
CVRM,CV_C(B+C),,MR_C41276_V,202001,Brilinta 60mg,0,21960,1200,0,0,0.14,1,0,0.14,,
CVRM,CV_C(B+C),,MR_C41276_V,202001,Brilinta 90mg,43429,96700,62976,0,0,0.11,1,0,0.11,,
CVRM,CV_C(B+C),,MR_C41276_V,202001,Crestor,176043,144863,170889.9983,0,0,0.05,1,257.650085,0.05,,
CVRM,CV_C(B+C),,KPCV775,202001,Brilinta 60mg,60,21855,0,0,0,0.14,1,8.4,0.14,,
CVRM,CV_C(B+C),,KPCV775,202001,Brilinta 90mg,173139,159196,145145,0,0,0.11,1,3079.34,0.11,,
CVRM,CV_C(B+C),,KPCV775,202001,Crestor,141130,98188,61469.99939,0,0,0.05,1,3983.000031,0.05,,
CVRM,CV_C(B+C),,MR_C41303_V,202001,Brilinta 60mg,0,21827,0,0,0,0.14,1,0,0.14,,
CVRM,CV_C(B+C),,MR_C41303_V,202001,Brilinta 90mg,9484,134260,187716,0,0,0.11,1,0,0.11,,
CVRM,CV_C(B+C),,MR_C41303_V,202001,Crestor,143077,265647,402249.996,0,0,0.05,1,0,0.05,,
CVRM,CV_C(B+C),,MR_C41321_V,202001,Brilinta 60mg,0,7313,0,0,0,0.14,1,0,0.14,,
CVRM,CV_C(B+C),,MR_C41321_V,202001,Brilinta 90mg,100930,233384,185274,0,0,0.11,1,0,0.11,,
CVRM,CV_C(B+C),,MR_C41321_V,202001,Crestor,9378,29509,76072.72651,0,0,0.05,1,0,0.05,,
CVRM,CV_C(B+C),,MR_C41359_V,202001,Brilinta 60mg,0,96,0,0,0,0.14,1,0,0.14,,
CVRM,CV_C(B+C),,MR_C41359_V,202001,Brilinta 90mg,8973,6608,582,0,0,0.11,1,923.01,0.11,,
CVRM,CV_C(B+C),,MR_C41359_V,202001,Crestor,392208,385651,446469.9955,0,0,0.05,1,0,0.05,,
CVRM,CV_C(B+C),,MR_C41360_V,202001,Brilinta 60mg,0,7016,0,0,0,0.14,1,0,0.14,,
CVRM,CV_C(B+C),,MR_C41360_V,202001,Brilinta 90mg,112573,165324,159934,0,0,0.11,1,0,0.11,,
CVRM,CV_C(B+C),,MR_C41360_V,202001,Crestor,37854,84301,45099.99955,0,0,0.05,1,0,0.05,,
CVRM,CV_C(B+C),,KVLW181,202001,Brilinta 60mg,0,15102,0,0,0,0.14,1,0,0.14,,
CVRM,CV_C(B+C),,KVLW181,202001,Brilinta 90mg,214670,233072,219426,0,0,0.11,1,0,0.11,,
CVRM,CV_C(B+C),,KVLW181,202001,Crestor,102296,224087,274163.6336,0,0,0.05,1,0,0.05,,
CVRM,CV_C(B+C),,KNVS040,202001,Brilinta 60mg,0,15102,0,0,0,0.14,1,0,0.14,,
CVRM,CV_C(B+C),,KNVS040,202001,Brilinta 90mg,214670,233060,219426,0,0,0.11,1,0,0.11,,
CVRM,CV_C(B+C),,KNVS040,202001,Crestor,105923,225305,271920.9064,0,0,0.05,1,0,0.05,,
CVRM,CV_C(B+C),,KBQR566,202001,Brilinta 60mg,0,38201,0,0,0,0.14,1,0,0.14,,
CVRM,CV_C(B+C),,KBQR566,202001,Brilinta 90mg,186994,146277,216943,0,0,0.11,1,0,0.11,,
CVRM,CV_C(B+C),,KBQR566,202001,Crestor,127989,90342,97964.54448,0,0,0.05,1,1501.222776,0.05,,
CVRM,CV_C(B+C),,KZFQ258,202001,Brilinta 60mg,0,12008,0,0,0,0.14,1,0,0.14,,
CVRM,CV_C(B+C),,KZFQ258,202001,Brilinta 90mg,222737,204582,238114,0,0,0.11,1,0,0.11,,
CVRM,CV_C(B+C),,KZFQ258,202001,Crestor,267865,264379,296722.7243,0,0,0.05,1,0,0.05,,
CVRM,CV_C(B+C),,KKMB884,202001,Brilinta 60mg,0,472,0,0,0,0.14,1,0,0.14,,
CVRM,CV_C(B+C),,KKMB884,202001,Brilinta 90mg,214823,190682,122547,0,0,0.11,1,10150.36,0.11,,
CVRM,CV_C(B+C),,KKMB884,202001,Crestor,103790,120736,129599.9987,0,0,0.05,1,0,0.05,,
CVRM,CV_C(B+C),,KPFH337,202001,Brilinta 60mg,0,3361,0,0,0,0.14,1,0,0.14,,
CVRM,CV_C(B+C),,KPFH337,202001,Brilinta 90mg,61211,88044,5733,0,0,0.11,1,6102.58,0.11,,
CVRM,CV_C(B+C),,KPFH337,202001,Crestor,82339,141671,333999.9967,0,0,0.05,1,0,0.05,,
CVRM,CV_C(B+C),,KCJX936,202001,Brilinta 60mg,0,10952,0,0,0,0.14,1,0,0.14,,
CVRM,CV_C(B+C),,KCJX936,202001,Brilinta 90mg,105096,89020,16783,0,0,0.11,1,9714.43,0.11,,
CVRM,CV_C(B+C),,KCJX936,202001,Crestor,168377,130221,158939.9984,0,0,0.05,1,471.850079,0.05,,
CVRM,CV_C(B+C),,KMJM657,202001,Brilinta 60mg,0,10416,0,0,0,0.14,1,0,0.14,,
CVRM,CV_C(B+C),,KMJM657,202001,Brilinta 90mg,60150,103564,67463,0,0,0.11,1,0,0.11,,
CVRM,CV_C(B+C),,KMJM657,202001,Crestor,200617,213028,179649.9982,0,0,0.05,1,1048.35009,0.05,,
CVRM,CV_C(B+C),,MR_C41510_V,202001,Brilinta 60mg,0,7409,0,0,0,0.14,1,0,0.14,,
CVRM,CV_C(B+C),,MR_C41510_V,202001,Brilinta 90mg,83163,58120,58241,0,0,0.11,1,2741.42,0.11,,
CVRM,CV_C(B+C),,MR_C41510_V,202001,Crestor,8117,178330,185119.9981,0,0,0.05,1,0,0.05,,
CVRM,CV_C(B+C),,KLMT787,202001,Brilinta 60mg,1200,14731,0,0,0,0.14,1,168,0.14,,
CVRM,CV_C(B+C),,KLMT787,202001,Brilinta 90mg,141601,91582,151625,0,0,0.11,1,0,0.11,,
CVRM,CV_C(B+C),,KLMT787,202001,Crestor,225209,196739,290849.9971,0,0,0.05,1,0,0.05,,
CVRM,CV_C(B+C),,KTWR184,202001,Brilinta 60mg,2700,26055,300,0,0,0.14,1,336,0.14,,
CVRM,CV_C(B+C),,KTWR184,202001,Brilinta 90mg,225562,189703,152872,0,0,0.11,1,7995.9,0.11,,
CVRM,CV_C(B+C),,KTWR184,202001,Crestor,45184,32671,36359.99964,0,0,0.05,1,441.200018,0.05,,
CVRM,CV_C(B+C),,KFCH957,202001,Brilinta 60mg,0,382,0,0,0,0.14,1,0,0.14,,
CVRM,CV_C(B+C),,KFCH957,202001,Brilinta 90mg,78178,61907,53754,0,0,0.11,1,2686.64,0.11,,
CVRM,CV_C(B+C),,KFCH957,202001,Crestor,39967,110378,102959.999,0,0,0.05,1,0,0.05,,
CVRM,CV_C(B+C),,KWML225,202001,Brilinta 60mg,0,13437,0,0,0,0.14,1,0,0.14,,
CVRM,CV_C(B+C),,KWML225,202001,Brilinta 90mg,200774,226124,91025,0,0,0.11,1,12072.39,0.11,,
CVRM,CV_C(B+C),,KWML225,202001,Crestor,252782,309970,352889.9965,0,0,0.05,1,0,0.05,,
CVRM,CV_C(B+C),,KBTB429,202001,Brilinta 60mg,480,1227,0,0,0,0.14,1,67.2,0.14,,
CVRM,CV_C(B+C),,KBTB429,202001,Brilinta 90mg,-166,53807,3573,0,0,0.11,1,0,0.11,,
CVRM,CV_C(B+C),,KBTB429,202001,Crestor,307498,189982,238429.9976,0,0,0.05,1,3453.400119,0.05,,
CVRM,CV_C(B+C),,KSVX963,202001,Brilinta 60mg,0,21427,3000,0,0,0.14,1,0,0.14,,
CVRM,CV_C(B+C),,KSVX963,202001,Brilinta 90mg,106442,103048,135424,0,0,0.11,1,0,0.11,,
CVRM,CV_C(B+C),,KSVX963,202001,Crestor,365438,223535,295749.997,0,0,0.05,1,3484.400148,0.05,,
CVRM,CV_C(B+C),,KGDJ839,202001,Brilinta 60mg,0,115,0,0,0,0.14,1,0,0.14,,
CVRM,CV_C(B+C),,KGDJ839,202001,Brilinta 90mg,30573,9914,4320,0,0,0.11,1,2887.83,0.11,,
CVRM,CV_C(B+C),,KGDJ839,202001,Crestor,437090,410547,509249.9949,0,0,0.05,1,0,0.05,,
CVRM,CV_C(B+C),,KGQL278,202001,Brilinta 60mg,0,15102,0,0,0,0.14,1,0,0.14,,
CVRM,CV_C(B+C),,KGQL278,202001,Brilinta 90mg,236297,256852,241592,0,0,0.11,1,0,0.11,,
CVRM,CV_C(B+C),,KGQL278,202001,Crestor,136763,297110,363365.4509,0,0,0.05,1,0,0.05,,
CVRM,CV_C(B+C),,KZRJ765,202001,Brilinta 60mg,0,11085,0,0,0,0.14,1,0,0.14,,
CVRM,CV_C(B+C),,KZRJ765,202001,Brilinta 90mg,128608,131117,139828,0,0,0.11,1,0,0.11,,
CVRM,CV_C(B+C),,KZRJ765,202001,Crestor,6500,23728,28519.99972,0,0,0.05,1,0,0.05,,
CVRM,CV_C(B+C),,MR_C41760_V,202001,Brilinta 60mg,0,1767,0,0,0,0.14,1,0,0.14,,
CVRM,CV_C(B+C),,MR_C41760_V,202001,Brilinta 90mg,0,9521,8308,0,0,0.11,1,0,0.11,,
CVRM,CV_C(B+C),,MR_C41760_V,202001,Crestor,102426,456480,487317.2679,0,0,0.05,1,0,0.05,,
CVRM,CV_C(B+C),,KTKW725,202001,Brilinta 60mg,0,22905,0,0,0,0.14,1,0,0.14,,
CVRM,CV_C(B+C),,KTKW725,202001,Brilinta 90mg,90557,111476,154035,0,0,0.11,1,0,0.11,,
CVRM,CV_C(B+C),,KTKW725,202001,Crestor,193174,173936,230899.9977,0,0,0.05,1,0,0.05,,
CVRM,CV_C(B+C),,KFQZ592,202001,Brilinta 60mg,0,0,0,0,0,0.14,1,0,0.14,,
CVRM,CV_C(B+C),,KFQZ592,202001,Brilinta 90mg,152452,139923,94880,0,0,0.11,1,6332.92,0.11,,
CVRM,CV_C(B+C),,KFQZ592,202001,Crestor,109819,108010,97329.99903,0,0,0.05,1,624.450049,0.05,,
CVRM,CV_C(B+C),,MR_C41811_V,202001,Brilinta 60mg,0,3067,0,0,0,0.14,1,0,0.14,,
CVRM,CV_C(B+C),,MR_C41811_V,202001,Brilinta 90mg,134590,90261,4985,0,0,0.11,1,14256.55,0.11,,
CVRM,CV_C(B+C),,MR_C41811_V,202001,Crestor,1077,92138,124199.9988,0,0,0.05,1,0,0.05,,
CVRM,CV_C(B+C),,KXMK993,202001,Brilinta 60mg,0,10459,0,0,0,0.14,1,0,0.14,,
CVRM,CV_C(B+C),,KXMK993,202001,Brilinta 90mg,245917,167930,71451,0,0,0.11,1,19191.26,0.11,,
CVRM,CV_C(B+C),,KXMK993,202001,Crestor,60274,78240,108659.9989,0,0,0.05,1,0,0.05,,
CVRM,CV_C(B+C),,KMXK521,202001,Brilinta 60mg,0,4433,0,0,0,0.14,1,0,0.14,,
CVRM,CV_C(B+C),,KMXK521,202001,Brilinta 90mg,96373,90781,54834,0,0,0.11,1,4569.29,0.11,,
CVRM,CV_C(B+C),,KMXK521,202001,Crestor,128100,78900,157199.9984,0,0,0.05,1,0,0.05,,
CVRM,CV_C(B+C),,KFLC753,202001,Brilinta 60mg,0,2433,0,0,0,0.14,1,0,0.14,,
CVRM,CV_C(B+C),,KFLC753,202001,Brilinta 90mg,62061,40080,14539,0,0,0.11,1,5227.42,0.11,,
CVRM,CV_C(B+C),,KFLC753,202001,Crestor,9612,102304,133599.9987,0,0,0.05,1,0,0.05,,
CVRM,CV_C(B+C),,KVRQ451,202001,Brilinta 60mg,0,23858,0,0,0,0.14,1,0,0.14,,
CVRM,CV_C(B+C),,KVRQ451,202001,Brilinta 90mg,323594,255792,201463,0,0,0.11,1,13434.41,0.11,,
CVRM,CV_C(B+C),,KVRQ451,202001,Crestor,485260,114669,134399.9987,0,0,0.05,1,17543.00007,0.05,,
CVRM,CV_C(B+C),,KSJN091,202001,Brilinta 60mg,0,8815,0,0,0,0.14,1,0,0.14,,
CVRM,CV_C(B+C),,KSJN091,202001,Brilinta 90mg,288498,172517,179873,0,0,0.11,1,11948.75,0.11,,
CVRM,CV_C(B+C),,KSJN091,202001,Crestor,32972,43403,373669.9963,0,0,0.05,1,0,0.05,,
CVRM,CV_C(B+C),,KHTW874,202001,Brilinta 60mg,0,16355,0,0,0,0.14,1,0,0.14,,
CVRM,CV_C(B+C),,KHTW874,202001,Brilinta 90mg,150516,99085,125721,0,0,0.11,1,2727.45,0.11,,
CVRM,CV_C(B+C),,KHTW874,202001,Crestor,31873,29998,35475.45419,0,0,0.05,1,0,0.05,,
CVRM,CV_C(B+C),,KTBF870,202001,Brilinta 60mg,0,0,0,0,0,0.14,1,0,0.14,,
CVRM,CV_C(B+C),,KTBF870,202001,Brilinta 90mg,150592,114933,55084,0,0,0.11,1,10505.88,0.11,,
CVRM,CV_C(B+C),,KTBF870,202001,Crestor,139740,112479,265379.9973,0,0,0.05,1,0,0.05,,
CVRM,CV_C(B+C),,KSPD691,202001,Brilinta 60mg,0,33781,1204,0,0,0.14,1,0,0.14,,
CVRM,CV_C(B+C),,KSPD691,202001,Brilinta 90mg,306135,222228,156723,0,0,0.11,1,16435.32,0.11,,
CVRM,CV_C(B+C),,KSPD691,202001,Crestor,77629,54558,123642.726,0,0,0.05,1,0,0.05,,
CVRM,CV_C(B+C),,KRCR390,202001,Brilinta 60mg,0,44520,7920,0,0,0.14,1,0,0.14,,
CVRM,CV_C(B+C),,KRCR390,202001,Brilinta 90mg,309097,235357,208288,0,0,0.11,1,11088.99,0.11,,
CVRM,CV_C(B+C),,KRCR390,202001,Crestor,319143,107333,165079.9983,0,0,0.05,1,7703.150083,0.05,,
CVRM,CV_C(B+C),,KGVD321,202001,Brilinta 60mg,720,10448,600,0,0,0.14,1,16.8,0.14,,
CVRM,CV_C(B+C),,KGVD321,202001,Brilinta 90mg,213682,173596,279333,0,0,0.11,1,0,0.11,,
CVRM,CV_C(B+C),,KGVD321,202001,Crestor,48848,134167,484629.9952,0,0,0.05,1,0,0.05,,
CVRM,CV_C(B+C),,KNXC736,202001,Brilinta 60mg,0,10697,0,0,0,0.14,1,0,0.14,,
CVRM,CV_C(B+C),,KNXC736,202001,Brilinta 90mg,23304,164083,47440,0,0,0.11,1,0,0.11,,
CVRM,CV_C(B+C),,KNXC736,202001,Crestor,74185,77019,200865.4525,0,0,0.05,1,0,0.05,,
CVRM,CV_C(B+C),,KGLH419,202001,Brilinta 60mg,0,5645,0,0,0,0.14,1,0,0.14,,
CVRM,CV_C(B+C),,KGLH419,202001,Brilinta 90mg,24729,65285,86796,0,0,0.11,1,0,0.11,,
CVRM,CV_C(B+C),,KGLH419,202001,Crestor,9553,77725,72569.99927,0,0,0.05,1,0,0.05,,
CVRM,CV_C(B+C),,KVJN687,202001,Brilinta 60mg,0,16288,0,0,0,0.14,1,0,0.14,,
CVRM,CV_C(B+C),,KVJN687,202001,Brilinta 90mg,235567,149726,157171,0,0,0.11,1,8623.56,0.11,,
CVRM,CV_C(B+C),,KVJN687,202001,Crestor,228285,214856,254084.5429,0,0,0.05,1,0,0.05,,
CVRM,CV_C(B+C),,KRJD717,202001,Brilinta 60mg,0,50371,1796,0,0,0.14,1,0,0.14,,
CVRM,CV_C(B+C),,KRJD717,202001,Brilinta 90mg,452243,328290,231521,0,0,0.11,1,24279.42,0.11,,
CVRM,CV_C(B+C),,KRJD717,202001,Crestor,119057,83674,189627.2708,0,0,0.05,1,0,0.05,,
CVRM,CV_C(B+C),,KPTG396,202001,Brilinta 60mg,0,13101,2340,0,0,0.14,1,0,0.14,,
CVRM,CV_C(B+C),,KPTG396,202001,Brilinta 90mg,205457,168485,242738,0,0,0.11,1,0,0.11,,
CVRM,CV_C(B+C),,KPTG396,202001,Crestor,216362,72926,71799.99928,0,0,0.05,1,7228.100036,0.05,,
CVRM,CV_C(B+C),,KQQZ949,202001,Brilinta 60mg,3000,14784,3000,0,0,0.14,1,0,0.14,,
CVRM,CV_C(B+C),,KQQZ949,202001,Brilinta 90mg,243114,157721,221832,0,0,0.11,1,2341.02,0.11,,
CVRM,CV_C(B+C),,KQQZ949,202001,Crestor,69384,156037,185759.9981,0,0,0.05,1,0,0.05,,
CVRM,CV_C(B+C),,KLZP425,202001,Brilinta 60mg,0,11078,0,0,0,0.14,1,0,0.14,,
CVRM,CV_C(B+C),,KLZP425,202001,Brilinta 90mg,151039,143390,114654,0,0,0.11,1,4002.35,0.11,,
CVRM,CV_C(B+C),,KLZP425,202001,Crestor,90968,81935,120309.0897,0,0,0.05,1,0,0.05,,
CVRM,CV_C(B+C),,KGPS940,202001,Brilinta 60mg,0,9780,0,0,0,0.14,1,0,0.14,,
CVRM,CV_C(B+C),,KGPS940,202001,Brilinta 90mg,93880,75913,75854,0,0,0.11,1,1982.86,0.11,,
CVRM,CV_C(B+C),,KGPS940,202001,Crestor,79200,57381,237599.9976,0,0,0.05,1,0,0.05,,
CVRM,CV_C(B+C),,KWSJ371,202001,Brilinta 60mg,0,17190,0,0,0,0.14,1,0,0.14,,
CVRM,CV_C(B+C),,KWSJ371,202001,Brilinta 90mg,120602,142680,206792,0,0,0.11,1,0,0.11,,
CVRM,CV_C(B+C),,KWSJ371,202001,Crestor,176498,125522,155415.453,0,0,0.05,1,1054.12735,0.05,,
CVRM,CV_C(B+C),,KVGK299,202001,Brilinta 60mg,0,11346,0,0,0,0.14,1,0,0.14,,
CVRM,CV_C(B+C),,KVGK299,202001,Brilinta 90mg,322350,181462,158687,0,0,0.11,1,18002.93,0.11,,
CVRM,CV_C(B+C),,KVGK299,202001,Crestor,68033,68057,78089.99922,0,0,0.05,1,0,0.05,,
CVRM,CV_C(B+C),,KRDG607,202001,Brilinta 60mg,0,8280,0,0,0,0.14,1,0,0.14,,
CVRM,CV_C(B+C),,KRDG607,202001,Brilinta 90mg,143245,105018,46858,0,0,0.11,1,10602.57,0.11,,
CVRM,CV_C(B+C),,KRDG607,202001,Crestor,59313,22737,40419.9996,0,0,0.05,1,944.65002,0.05,,
CVRM,CV_C(B+C),,KZXX399,202001,Brilinta 60mg,600,19918,0,0,0,0.14,1,84,0.14,,
CVRM,CV_C(B+C),,KZXX399,202001,Brilinta 90mg,192634,93564,80091,0,0,0.11,1,12379.73,0.11,,
CVRM,CV_C(B+C),,KZXX399,202001,Crestor,73356,34849,233819.9977,0,0,0.05,1,0,0.05,,
CVRM,CV_C(B+C),,KNFX933,202001,Brilinta 60mg,0,17190,3000,0,0,0.14,1,0,0.14,,
CVRM,CV_C(B+C),,KNFX933,202001,Brilinta 90mg,516361,199699,165002,0,0,0.11,1,38649.49,0.11,,
CVRM,CV_C(B+C),,KNFX933,202001,Crestor,111383,42930,108259.9989,0,0,0.05,1,156.150054,0.05,,
CVRM,CV_C(B+C),,KHVH596,202001,Brilinta 60mg,0,18011,1800,0,0,0.14,1,0,0.14,,
CVRM,CV_C(B+C),,KHVH596,202001,Brilinta 90mg,358906,164491,301174,0,0,0.11,1,6350.52,0.11,,
CVRM,CV_C(B+C),,KHVH596,202001,Crestor,145200,59881,101099.999,0,0,0.05,1,2205.000051,0.05,,
CVRM,CV_C(B+C),,KGVM343,202001,Brilinta 60mg,0,11052,-840,0,0,0.14,1,0,0.14,,
CVRM,CV_C(B+C),,KGVM343,202001,Brilinta 90mg,229688,282427,321113,0,0,0.11,1,0,0.11,,
CVRM,CV_C(B+C),,KGVM343,202001,Crestor,91444,151659,212520.907,0,0,0.05,1,0,0.05,,
CVRM,CV_C(B+C),,KCWP451,202001,Brilinta 60mg,0,3309,0,0,0,0.14,1,0,0.14,,
CVRM,CV_C(B+C),,KCWP451,202001,Brilinta 90mg,118721,117452,39880,0,0,0.11,1,8672.51,0.11,,
CVRM,CV_C(B+C),,KCWP451,202001,Crestor,102606,146239,210359.9979,0,0,0.05,1,0,0.05,,
CVRM,CV_C(B+C),,MR_C45758_V,202001,Brilinta 60mg,0,2063,240,0,0,0.14,1,0,0.14,,
CVRM,CV_C(B+C),,MR_C45758_V,202001,Brilinta 90mg,56910,74265,103415,0,0,0.11,1,0,0.11,,
CVRM,CV_C(B+C),,MR_C45758_V,202001,Crestor,162836,119425,255429.9974,0,0,0.05,1,0,0.05,,
CVRM,CV_C(B+C),,KHGZ938,202001,Brilinta 60mg,9600,37750,20460,0,0,0.14,1,0,0.14,,
CVRM,CV_C(B+C),,KHGZ938,202001,Brilinta 90mg,285887,348611,362322,0,0,0.11,1,0,0.11,,
CVRM,CV_C(B+C),,KHGZ938,202001,Crestor,128576,93349,146459.9985,0,0,0.05,1,0,0.05,,
CVRM,CV_C(B+C),,KBKS701,202001,Brilinta 60mg,0,16375,0,0,0,0.14,1,0,0.14,,
CVRM,CV_C(B+C),,KBKS701,202001,Brilinta 90mg,133177,202973,104351,0,0,0.11,1,3170.86,0.11,,
CVRM,CV_C(B+C),,KBKS701,202001,Crestor,35057,130392,132089.9987,0,0,0.05,1,0,0.05,,
CVRM,CV_C(B+C),,KWZK662,202001,Brilinta 60mg,0,4835,0,0,0,0.14,1,0,0.14,,
CVRM,CV_C(B+C),,KWZK662,202001,Brilinta 90mg,75187,91517,93883,0,0,0.11,1,0,0.11,,
CVRM,CV_C(B+C),,KWZK662,202001,Crestor,158528,133288,158799.9984,0,0,0.05,1,0,0.05,,
CVRM,CV_C(B+C),,KFQK793,202001,Brilinta 60mg,0,2383,0,0,0,0.14,1,0,0.14,,
CVRM,CV_C(B+C),,KFQK793,202001,Brilinta 90mg,83080,106062,133680,0,0,0.11,1,0,0.11,,
CVRM,CV_C(B+C),,KFQK793,202001,Crestor,58800,102859,281399.9972,0,0,0.05,1,0,0.05,,
CVRM,CV_C(B+C),,KJWZ378,202001,Brilinta 60mg,0,0,0,0,0,0.14,1,0,0.14,,
CVRM,CV_C(B+C),,KJWZ378,202001,Brilinta 90mg,31570,27648,27417,0,0,0.11,1,456.83,0.11,,
CVRM,CV_C(B+C),,KJWZ378,202001,Crestor,120061,166994,296299.997,0,0,0.05,1,0,0.05,,
CVRM,CV_C(B+C),,KSNN181,202001,Brilinta 60mg,1800,64376,10560,0,0,0.14,1,0,0.14,,
CVRM,CV_C(B+C),,KSNN181,202001,Brilinta 90mg,151123,102228,75439,0,0,0.11,1,8325.24,0.11,,
CVRM,CV_C(B+C),,KSNN181,202001,Crestor,103727,87043,55199.99945,0,0,0.05,1,2426.350028,0.05,,
CVRM,CV_C(B+C),,KHJJ135,202001,Brilinta 60mg,0,0,0,0,0,0.14,1,0,0.14,,
CVRM,CV_C(B+C),,KHJJ135,202001,Brilinta 90mg,136833,160080,137917,0,0,0.11,1,0,0.11,,
CVRM,CV_C(B+C),,KHJJ135,202001,Crestor,42450,55853,63609.99936,0,0,0.05,1,0,0.05,,
CVRM,CV_C(B+C),,KWVD697,202001,Brilinta 60mg,1680,11625,0,0,0,0.14,1,235.2,0.14,,
CVRM,CV_C(B+C),,KWVD697,202001,Brilinta 90mg,87146,149814,115318,0,0,0.11,1,0,0.11,,
CVRM,CV_C(B+C),,KWVD697,202001,Crestor,22393,106094,145039.9986,0,0,0.05,1,0,0.05,,
CVRM,CV_C(B+C),,KHBW552,202001,Brilinta 60mg,180,28651,1200,0,0,0.14,1,0,0.14,,
CVRM,CV_C(B+C),,KHBW552,202001,Brilinta 90mg,348317,276026,249829,0,0,0.11,1,10833.68,0.11,,
CVRM,CV_C(B+C),,KHBW552,202001,Crestor,11483,41982,57939.99942,0,0,0.05,1,0,0.05,,
CVRM,CV_C(B+C),,KXWC909,202001,Brilinta 60mg,527,5253,733,0,0,0.14,1,0,0.14,,
CVRM,CV_C(B+C),,KXWC909,202001,Brilinta 90mg,60380,138173,47989,0,0,0.11,1,1363.01,0.11,,
CVRM,CV_C(B+C),,KXWC909,202001,Crestor,59703,52869,68866.36295,0,0,0.05,1,0,0.05,,
CVRM,CV_C(B+C),,MR_C45840_V,202001,Brilinta 60mg,0,39366,1350,0,0,0.14,1,0,0.14,,
CVRM,CV_C(B+C),,MR_C45840_V,202001,Brilinta 90mg,217213,192518,190879,0,0,0.11,1,2896.74,0.11,,
CVRM,CV_C(B+C),,MR_C45840_V,202001,Crestor,79207,86072,93709.99906,0,0,0.05,1,0,0.05,,
CVRM,CV_C(B+C),,KSRP357,202001,Brilinta 60mg,1800,14825,0,0,0,0.14,1,252,0.14,,
CVRM,CV_C(B+C),,KSRP357,202001,Brilinta 90mg,219331,214276,84744,0,0,0.11,1,14804.57,0.11,,
CVRM,CV_C(B+C),,KSRP357,202001,Crestor,100044,88025,232499.9977,0,0,0.05,1,0,0.05,,
CVRM,CV_C(B+C),,KKSF077,202001,Brilinta 60mg,600,23312,0,0,0,0.14,1,84,0.14,,
CVRM,CV_C(B+C),,KKSF077,202001,Brilinta 90mg,119386,173177,65635,0,0,0.11,1,5912.61,0.11,,
CVRM,CV_C(B+C),,KKSF077,202001,Crestor,71038,105525,103199.999,0,0,0.05,1,0,0.05,,
CVRM,CV_C(B+C),,KMSM408,202001,Brilinta 60mg,600,6306,1440,0,0,0.14,1,0,0.14,,
CVRM,CV_C(B+C),,KMSM408,202001,Brilinta 90mg,164112,102330,80839,0,0,0.11,1,9160.03,0.11,,
CVRM,CV_C(B+C),,KMSM408,202001,Crestor,408539,44736,156879.9984,0,0,0.05,1,12582.95008,0.05,,
CVRM,CV_C(B+C),,KRWT517,202001,Brilinta 60mg,0,9521,300,0,0,0.14,1,0,0.14,,
CVRM,CV_C(B+C),,KRWT517,202001,Brilinta 90mg,165828,142817,107176,0,0,0.11,1,6451.72,0.11,,
CVRM,CV_C(B+C),,KRWT517,202001,Crestor,122060,78899,224249.9978,0,0,0.05,1,0,0.05,,
CVRM,CV_C(B+C),,KSXK826,202001,Brilinta 60mg,0,4473,0,0,0,0.14,1,0,0.14,,
CVRM,CV_C(B+C),,KSXK826,202001,Brilinta 90mg,190419,139121,87237,0,0,0.11,1,11350.02,0.11,,
CVRM,CV_C(B+C),,KSXK826,202001,Crestor,158818,112098,171539.9983,0,0,0.05,1,0,0.05,,
CVRM,CV_C(B+C),,KSQP801,202001,Brilinta 60mg,0,418,0,0,0,0.14,1,0,0.14,,
CVRM,CV_C(B+C),,KSQP801,202001,Brilinta 90mg,147052,132879,62810,0,0,0.11,1,9266.62,0.11,,
CVRM,CV_C(B+C),,KSQP801,202001,Crestor,86700,51894,86699.99913,0,0,0.05,1,0.000043,0.05,,
CVRM,CV_C(B+C),,KKZN259,202001,Brilinta 60mg,0,24477,0,0,0,0.14,1,0,0.14,,
CVRM,CV_C(B+C),,KKZN259,202001,Brilinta 90mg,121131,80203,58573,0,0,0.11,1,6881.38,0.11,,
CVRM,CV_C(B+C),,KKZN259,202001,Crestor,2968,15347,5609.999944,0,0,0.05,1,0,0.05,,
CVRM,CV_C(B+C),,MR_C45972_V,202001,Brilinta 60mg,853,8500,1187,0,0,0.14,1,0,0.14,,
CVRM,CV_C(B+C),,MR_C45972_V,202001,Brilinta 90mg,60419,139522,48636,0,0,0.11,1,1296.13,0.11,,
CVRM,CV_C(B+C),,MR_C45972_V,202001,Crestor,66638,61495,78923.63557,0,0,0.05,1,0,0.05,,
CVRM,CV_C(B+C),,KGFN294,202001,Brilinta 60mg,0,13103,0,0,0,0.14,1,0,0.14,,
CVRM,CV_C(B+C),,KGFN294,202001,Brilinta 90mg,95638,81468,75945,0,0,0.11,1,2166.23,0.11,,
CVRM,CV_C(B+C),,KGFN294,202001,Crestor,31873,29998,35475.45419,0,0,0.05,1,0,0.05,,
CVRM,CV_C(B+C),,KHCP235,202001,Brilinta 60mg,0,9952,0,0,0,0.14,1,0,0.14,,
CVRM,CV_C(B+C),,KHCP235,202001,Brilinta 90mg,181197,158972,167079,0,0,0.11,1,1552.98,0.11,,
CVRM,CV_C(B+C),,KHCP235,202001,Crestor,123225,154941,149044.544,0,0,0.05,1,0,0.05,,
CVRM,CV_C(B+C),,KKBK121,202001,Brilinta 60mg,0,22460,0,0,0,0.14,1,0,0.14,,
CVRM,CV_C(B+C),,KKBK121,202001,Brilinta 90mg,29660,161739,134760,0,0,0.11,1,0,0.11,,
CVRM,CV_C(B+C),,KKBK121,202001,Crestor,174437,76642,79799.9992,0,0,0.05,1,4731.85004,0.05,,
CVRM,CV_C(B+C),,KZWS509,202001,Brilinta 60mg,0,16769,0,0,0,0.14,1,0,0.14,,
CVRM,CV_C(B+C),,KZWS509,202001,Brilinta 90mg,92468,104035,61481,0,0,0.11,1,3408.57,0.11,,
CVRM,CV_C(B+C),,KZWS509,202001,Crestor,77417,111524,227539.9977,0,0,0.05,1,0,0.05,,
CVRM,CV_C(B+C),,KVPT663,202001,Brilinta 60mg,0,19100,0,0,0,0.14,1,0,0.14,,
CVRM,CV_C(B+C),,KVPT663,202001,Brilinta 90mg,161175,190049,166996,0,0,0.11,1,0,0.11,,
CVRM,CV_C(B+C),,KVPT663,202001,Crestor,14400,21296,28799.99971,0,0,0.05,1,0,0.05,,
CVRM,CV_C(B+C),,KSTM670,202001,Brilinta 60mg,7860,23698,0,0,0,0.14,1,1100.4,0.14,,
CVRM,CV_C(B+C),,KSTM670,202001,Brilinta 90mg,175465,240629,117229,0,0,0.11,1,6405.96,0.11,,
CVRM,CV_C(B+C),,KSTM670,202001,Crestor,101190,220614,280999.9972,0,0,0.05,1,0,0.05,,
CVRM,CV_C(B+C),,KBGM186,202001,Brilinta 60mg,0,23279,0,0,0,0.14,1,0,0.14,,
CVRM,CV_C(B+C),,KBGM186,202001,Brilinta 90mg,286903,288928,343130,0,0,0.11,1,0,0.11,,
CVRM,CV_C(B+C),,KBGM186,202001,Crestor,575101,222762,472869.9953,0,0,0.05,1,5111.550236,0.05,,
CVRM,CV_C(B+C),,KLZR040,202001,Brilinta 60mg,0,10314,0,0,0,0.14,1,0,0.14,,
CVRM,CV_C(B+C),,KLZR040,202001,Brilinta 90mg,97868,85690,18610,0,0,0.11,1,8718.38,0.11,,
CVRM,CV_C(B+C),,KLZR040,202001,Crestor,15725,17214,1299.999987,0,0,0.05,1,721.250001,0.05,,
CVRM,CV_C(B+C),,KNJB977,202001,Brilinta 60mg,0,2248,0,0,0,0.14,1,0,0.14,,
CVRM,CV_C(B+C),,KNJB977,202001,Brilinta 90mg,110909,58778,32236,0,0,0.11,1,8654.03,0.11,,
CVRM,CV_C(B+C),,KNJB977,202001,Crestor,72681,95946,248459.9975,0,0,0.05,1,0,0.05,,
CVRM,CV_C(B+C),,KSFH679,202001,Brilinta 60mg,0,572,0,0,0,0.14,1,0,0.14,,
CVRM,CV_C(B+C),,KSFH679,202001,Brilinta 90mg,145469,65813,31236,0,0,0.11,1,12565.63,0.11,,
CVRM,CV_C(B+C),,KSFH679,202001,Crestor,179621,184089,236779.9976,0,0,0.05,1,0,0.05,,
CVRM,CV_C(B+C),,KFLG371,202001,Brilinta 60mg,0,1337,0,0,0,0.14,1,0,0.14,,
CVRM,CV_C(B+C),,KFLG371,202001,Brilinta 90mg,140239,163361,31904,0,0,0.11,1,11916.85,0.11,,
CVRM,CV_C(B+C),,KFLG371,202001,Crestor,84002,68371,141169.9986,0,0,0.05,1,0,0.05,,
CVRM,CV_C(B+C),,KWLH035,202001,Brilinta 60mg,0,22920,0,0,0,0.14,1,0,0.14,,
CVRM,CV_C(B+C),,KWLH035,202001,Brilinta 90mg,180284,142732,168242,0,0,0.11,1,1324.62,0.11,,
CVRM,CV_C(B+C),,KWLH035,202001,Crestor,79302,68175,54009.99946,0,0,0.05,1,1264.600027,0.05,,
CVRM,CV_C(B+C),,KRNF667,202001,Brilinta 60mg,0,4796,0,0,0,0.14,1,0,0.14,,
CVRM,CV_C(B+C),,KRNF667,202001,Brilinta 90mg,122958,91296,58989,0,0,0.11,1,7036.59,0.11,,
CVRM,CV_C(B+C),,KRNF667,202001,Crestor,173975,167420,237999.9976,0,0,0.05,1,0,0.05,,
CVRM,CV_C(B+C),,KXBH434,202001,Brilinta 60mg,0,11249,1200,0,0,0.14,1,0,0.14,,
CVRM,CV_C(B+C),,KXBH434,202001,Brilinta 90mg,88148,123848,106345,0,0,0.11,1,0,0.11,,
CVRM,CV_C(B+C),,KXBH434,202001,Crestor,-7166,212874,216449.9978,0,0,0.05,1,0,0.05,,
CVRM,CV_C(B+C),,KQHC613,202001,Brilinta 60mg,0,0,0,0,0,0.14,1,0,0.14,,
CVRM,CV_C(B+C),,KQHC613,202001,Brilinta 90mg,74561,119942,59919,0,0,0.11,1,1610.62,0.11,,
CVRM,CV_C(B+C),,KQHC613,202001,Crestor,103378,124307,140849.9986,0,0,0.05,1,0,0.05,,
CVRM,CV_C(B+C),,KRVL823,202001,Brilinta 60mg,0,4777,0,0,0,0.14,1,0,0.14,,
CVRM,CV_C(B+C),,KRVL823,202001,Brilinta 90mg,135836,132466,107774,0,0,0.11,1,3086.82,0.11,,
CVRM,CV_C(B+C),,KRVL823,202001,Crestor,20869,120753,341179.9966,0,0,0.05,1,0,0.05,,
CVRM,CV_C(B+C),,MR_C46475_V,202001,Brilinta 60mg,0,3634,0,0,0,0.14,1,0,0.14,,
CVRM,CV_C(B+C),,MR_C46475_V,202001,Brilinta 90mg,34325,22596,28671,0,0,0.11,1,621.94,0.11,,
CVRM,CV_C(B+C),,MR_C46475_V,202001,Crestor,35323,33245,39314.54506,0,0,0.05,1,0,0.05,,
CVRM,CV_C(B+C),,MR_C46503_V,202001,Brilinta 60mg,0,7173,0,0,0,0.14,1,0,0.14,,
CVRM,CV_C(B+C),,MR_C46503_V,202001,Brilinta 90mg,137996,103001,145475,0,0,0.11,1,0,0.11,,
CVRM,CV_C(B+C),,MR_C46503_V,202001,Crestor,-68777,223737,141569.9986,0,0,0.05,1,0,0.05,,
CVRM,CV_C(B+C),,KWCZ584,202001,Brilinta 60mg,0,6641,0,0,0,0.14,1,0,0.14,,
CVRM,CV_C(B+C),,KWCZ584,202001,Brilinta 90mg,136574,126176,104980,0,0,0.11,1,3475.34,0.11,,
CVRM,CV_C(B+C),,KWCZ584,202001,Crestor,191560,237225,591729.9941,0,0,0.05,1,0,0.05,,
CVRM,CV_C(B+C),,KJZR642,202001,Brilinta 60mg,0,13821,0,0,0,0.14,1,0,0.14,,
CVRM,CV_C(B+C),,KJZR642,202001,Brilinta 90mg,20770,28583,4985,0,0,0.11,1,1736.35,0.11,,
CVRM,CV_C(B+C),,KJZR642,202001,Crestor,128659,96938,118549.9988,0,0,0.05,1,505.450059,0.05,,
CVRM,CV_C(B+C),,KSHG129,202001,Brilinta 60mg,0,1303,0,0,0,0.14,1,0,0.14,,
CVRM,CV_C(B+C),,KSHG129,202001,Brilinta 90mg,68126,74925,30740,0,0,0.11,1,4112.46,0.11,,
CVRM,CV_C(B+C),,KSHG129,202001,Crestor,35646,100776,151199.9985,0,0,0.05,1,0,0.05,,
CVRM,CV_C(B+C),,KQGQ794,202001,Brilinta 60mg,0,0,0,0,0,0.14,1,0,0.14,,
CVRM,CV_C(B+C),,KQGQ794,202001,Brilinta 90mg,115826,142851,112260,0,0,0.11,1,392.26,0.11,,
CVRM,CV_C(B+C),,KQGQ794,202001,Crestor,127385,135774,110399.9989,0,0,0.05,1,849.250055,0.05,,
CVRM,CV_C(B+C),,KQMV811,202001,Brilinta 60mg,0,16510,0,0,0,0.14,1,0,0.14,,
CVRM,CV_C(B+C),,KQMV811,202001,Brilinta 90mg,107339,131117,132101,0,0,0.11,1,0,0.11,,
CVRM,CV_C(B+C),,KQMV811,202001,Crestor,45000,47396,36599.99963,0,0,0.05,1,420.000018,0.05,,
CVRM,CV_C(B+C),,KMHT570,202001,Brilinta 60mg,0,18043,0,0,0,0.14,1,0,0.14,,
CVRM,CV_C(B+C),,KMHT570,202001,Brilinta 90mg,290780,226908,190259,0,0,0.11,1,11057.31,0.11,,
CVRM,CV_C(B+C),,KMHT570,202001,Crestor,36000,101516,216299.9978,0,0,0.05,1,0,0.05,,
CVRM,CV_C(B+C),,KKFC003,202001,Brilinta 60mg,3120,19331,300,0,0,0.14,1,394.8,0.14,,
CVRM,CV_C(B+C),,KKFC003,202001,Brilinta 90mg,121048,142460,94963,0,0,0.11,1,2869.35,0.11,,
CVRM,CV_C(B+C),,KKFC003,202001,Crestor,58038,28550,60889.99939,0,0,0.05,1,0,0.05,,
CVRM,CV_C(B+C),,KBHD301,202001,Brilinta 60mg,0,21894,0,0,0,0.14,1,0,0.14,,
CVRM,CV_C(B+C),,KBHD301,202001,Brilinta 90mg,139076,140897,87403,0,0,0.11,1,5684.03,0.11,,
CVRM,CV_C(B+C),,KBHD301,202001,Crestor,21458,16083,30299.9997,0,0,0.05,1,0,0.05,,
CVRM,CV_C(B+C),,KVQR428,202001,Brilinta 60mg,0,2879,0,0,0,0.14,1,0,0.14,,
CVRM,CV_C(B+C),,KVQR428,202001,Brilinta 90mg,54999,39688,77100,0,0,0.11,1,0,0.11,,
CVRM,CV_C(B+C),,KVQR428,202001,Crestor,83603,74344,76839.99923,0,0,0.05,1,338.150038,0.05,,
CVRM,CV_C(B+C),,MR_C46611_V,202001,Brilinta 60mg,0,25132,0,0,0,0.14,1,0,0.14,,
CVRM,CV_C(B+C),,MR_C46611_V,202001,Brilinta 90mg,54310,153392,66217,0,0,0.11,1,0,0.11,,
CVRM,CV_C(B+C),,MR_C46611_V,202001,Crestor,53358,312718,486669.9951,0,0,0.05,1,0,0.05,,
CVRM,CV_C(B+C),,KHRW724,202001,Brilinta 60mg,0,3395,0,0,0,0.14,1,0,0.14,,
CVRM,CV_C(B+C),,KHRW724,202001,Brilinta 90mg,65633,101893,190674,0,0,0.11,1,0,0.11,,
CVRM,CV_C(B+C),,KHRW724,202001,Crestor,56950,10648,51919.99948,0,0,0.05,1,251.500026,0.05,,
CVRM,CV_C(B+C),,KTSG673,202001,Brilinta 60mg,840,10180,0,0,0,0.14,1,117.6,0.14,,
CVRM,CV_C(B+C),,KTSG673,202001,Brilinta 90mg,206342,203361,110500,0,0,0.11,1,10542.62,0.11,,
CVRM,CV_C(B+C),,KTSG673,202001,Crestor,211669,106358,129199.9987,0,0,0.05,1,4123.450065,0.05,,
CVRM,CV_C(B+C),,MR_C46621_V,202001,Brilinta 60mg,0,39366,1350,0,0,0.14,1,0,0.14,,
CVRM,CV_C(B+C),,MR_C46621_V,202001,Brilinta 90mg,217213,192518,190879,0,0,0.11,1,2896.74,0.11,,
CVRM,CV_C(B+C),,MR_C46621_V,202001,Crestor,79207,86072,93709.99906,0,0,0.05,1,0,0.05,,
CVRM,CV_C(B+C),,KJJS636,202001,Brilinta 60mg,720,7035,0,0,0,0.14,1,100.8,0.14,,
CVRM,CV_C(B+C),,KJJS636,202001,Brilinta 90mg,91720,92648,46858,0,0,0.11,1,4934.82,0.11,,
CVRM,CV_C(B+C),,KJJS636,202001,Crestor,76968,285444,306096.3606,0,0,0.05,1,0,0.05,,
CVRM,CV_C(B+C),,KWTX363,202001,Brilinta 60mg,0,9037,0,0,0,0.14,1,0,0.14,,
CVRM,CV_C(B+C),,KWTX363,202001,Brilinta 90mg,35657,73739,91806,0,0,0.11,1,0,0.11,,
CVRM,CV_C(B+C),,KWTX363,202001,Crestor,32241,111414,148349.9985,0,0,0.05,1,0,0.05,,
CVRM,CV_C(B+C),,KBTL341,202001,Brilinta 60mg,1140,21050,0,0,0,0.14,1,159.6,0.14,,
CVRM,CV_C(B+C),,KBTL341,202001,Brilinta 90mg,131870,151691,124790,0,0,0.11,1,778.8,0.11,,
CVRM,CV_C(B+C),,KBTL341,202001,Crestor,314953,154212,204249.998,0,0,0.05,1,5535.150102,0.05,,
CVRM,CV_C(B+C),,KRCF655,202001,Brilinta 60mg,0,6876,0,0,0,0.14,1,0,0.14,,
CVRM,CV_C(B+C),,KRCF655,202001,Brilinta 90mg,40128,47345,10385,0,0,0.11,1,3271.73,0.11,,
CVRM,CV_C(B+C),,KRCF655,202001,Crestor,4162,37437,66749.99933,0,0,0.05,1,0,0.05,,
CVRM,CV_C(B+C),,KDSP182,202001,Brilinta 60mg,3000,12675,0,0,0,0.14,1,420,0.14,,
CVRM,CV_C(B+C),,KDSP182,202001,Brilinta 90mg,325092,230842,283311,0,0,0.11,1,4595.91,0.11,,
CVRM,CV_C(B+C),,KDSP182,202001,Crestor,277761,99038,105089.9989,0,0,0.05,1,8633.550053,0.05,,
CVRM,CV_C(B+C),,KGBJ622,202001,Brilinta 60mg,0,688,0,0,0,0.14,1,0,0.14,,
CVRM,CV_C(B+C),,KGBJ622,202001,Brilinta 90mg,6646,21010,50680,0,0,0.11,1,0,0.11,,
CVRM,CV_C(B+C),,KGBJ622,202001,Crestor,198104,176217,225509.9977,0,0,0.05,1,0,0.05,,
CVRM,CV_C(B+C),,KMJS250,202001,Brilinta 60mg,0,2865,0,0,0,0.14,1,0,0.14,,
CVRM,CV_C(B+C),,KMJS250,202001,Brilinta 90mg,38217,32380,23678,0,0,0.11,1,1599.29,0.11,,
CVRM,CV_C(B+C),,KMJS250,202001,Crestor,400218,196158,235699.9976,0,0,0.05,1,8225.900118,0.05,,
CVRM,CV_C(B+C),,MR_C46861_V,202001,Brilinta 60mg,0,1375,0,0,0,0.14,1,0,0.14,,
CVRM,CV_C(B+C),,MR_C46861_V,202001,Brilinta 90mg,2825,12378,1662,0,0,0.11,1,127.93,0.11,,
CVRM,CV_C(B+C),,MR_C46861_V,202001,Crestor,41600,208941,371569.9963,0,0,0.05,1,0,0.05,,
CVRM,CV_C(B+C),,KLBW771,202001,Brilinta 60mg,0,1375,0,0,0,0.14,1,0,0.14,,
CVRM,CV_C(B+C),,KLBW771,202001,Brilinta 90mg,60648,60935,27085,0,0,0.11,1,3691.93,0.11,,
CVRM,CV_C(B+C),,KLBW771,202001,Crestor,76932,93248,177659.9982,0,0,0.05,1,0,0.05,,
CVRM,CV_C(B+C),,KMPX290,202001,Brilinta 60mg,1200,4126,0,0,0,0.14,1,168,0.14,,
CVRM,CV_C(B+C),,KMPX290,202001,Brilinta 90mg,94545,122348,79261,0,0,0.11,1,1681.24,0.11,,
CVRM,CV_C(B+C),,KMPX290,202001,Crestor,85828,47824,148689.9985,0,0,0.05,1,0,0.05,,
CVRM,CV_C(B+C),,KQFZ862,202001,Brilinta 60mg,0,7471,0,0,0,0.14,1,0,0.14,,
CVRM,CV_C(B+C),,KQFZ862,202001,Brilinta 90mg,134673,133340,29910,0,0,0.11,1,11523.93,0.11,,
CVRM,CV_C(B+C),,KQFZ862,202001,Crestor,72000,112909,107999.9989,0,0,0.05,1,0,0.05,,
CVRM,CV_C(B+C),,MR_C47109_V,202001,Brilinta 60mg,0,8823,0,0,0,0.14,1,0,0.14,,
CVRM,CV_C(B+C),,MR_C47109_V,202001,Brilinta 90mg,75635,154661,74774,0,0,0.11,1,94.71,0.11,,
CVRM,CV_C(B+C),,MR_C47109_V,202001,Crestor,191823,92942,72599.99927,0,0,0.05,1,5961.150036,0.05,,
CVRM,CV_C(B+C),,KWQG270,202001,Brilinta 60mg,1200,36179,0,0,0,0.14,1,168,0.14,,
CVRM,CV_C(B+C),,KWQG270,202001,Brilinta 90mg,195404,182602,146391,0,0,0.11,1,5391.43,0.11,,
CVRM,CV_C(B+C),,KWQG270,202001,Crestor,61780,24271,12539.99988,0,0,0.05,1,2462.000006,0.05,,
CVRM,CV_C(B+C),,KFVX710,202001,Brilinta 60mg,0,17190,0,0,0,0.14,1,0,0.14,,
CVRM,CV_C(B+C),,KFVX710,202001,Brilinta 90mg,197149,161860,186686,0,0,0.11,1,1150.93,0.11,,
CVRM,CV_C(B+C),,KFVX710,202001,Crestor,93067,25822,16139.99984,0,0,0.05,1,3846.350008,0.05,,
CVRM,CV_C(B+C),,KRKF160,202001,Brilinta 60mg,0,27505,600,0,0,0.14,1,0,0.14,,
CVRM,CV_C(B+C),,KRKF160,202001,Brilinta 90mg,250625,210220,253628,0,0,0.11,1,0,0.11,,
CVRM,CV_C(B+C),,KRKF160,202001,Crestor,130115,72693,278269.9972,0,0,0.05,1,0,0.05,,
CVRM,CV_C(B+C),,MR_C47171_V,202001,Brilinta 60mg,0,68,0,0,0,0.14,1,0,0.14,,
CVRM,CV_C(B+C),,MR_C47171_V,202001,Brilinta 90mg,22099,19257,38633,0,0,0.11,1,0,0.11,,
CVRM,CV_C(B+C),,MR_C47171_V,202001,Crestor,20889,111304,148499.9985,0,0,0.05,1,0,0.05,,
CVRM,CV_C(B+C),,MR_C47179_V,202001,Brilinta 60mg,0,14971,0,0,0,0.14,1,0,0.14,,
CVRM,CV_C(B+C),,MR_C47179_V,202001,Brilinta 90mg,69787,62487,29910,0,0,0.11,1,4386.47,0.11,,
CVRM,CV_C(B+C),,MR_C47179_V,202001,Crestor,77794,129592,287999.9971,0,0,0.05,1,0,0.05,,
CVRM,CV_C(B+C),,MR_C47185_V,202001,Brilinta 60mg,0,1688,0,0,0,0.14,1,0,0.14,,
CVRM,CV_C(B+C),,MR_C47185_V,202001,Brilinta 90mg,134008,85389,73196,0,0,0.11,1,6689.32,0.11,,
CVRM,CV_C(B+C),,MR_C47185_V,202001,Crestor,72800,103379,386319.9961,0,0,0.05,1,0,0.05,,
CVRM,CV_C(B+C),,MR_C47186_V,202001,Brilinta 60mg,0,6126,0,0,0,0.14,1,0,0.14,,
CVRM,CV_C(B+C),,MR_C47186_V,202001,Brilinta 90mg,113820,67863,48769,0,0,0.11,1,7155.61,0.11,,
CVRM,CV_C(B+C),,MR_C47186_V,202001,Crestor,58530,319348,442199.9956,0,0,0.05,1,0,0.05,,
CVRM,CV_C(B+C),,KDRS266,202001,Brilinta 60mg,0,344,0,0,0,0.14,1,0,0.14,,
CVRM,CV_C(B+C),,KDRS266,202001,Brilinta 90mg,66055,39112,6813,0,0,0.11,1,6516.62,0.11,,
CVRM,CV_C(B+C),,KDRS266,202001,Crestor,69594,93417,175519.9982,0,0,0.05,1,0,0.05,,
CVRM,CV_C(B+C),,KJVN683,202001,Brilinta 60mg,0,7128,300,0,0,0.14,1,0,0.14,,
CVRM,CV_C(B+C),,KJVN683,202001,Brilinta 90mg,129395,121480,108173,0,0,0.11,1,2334.42,0.11,,
CVRM,CV_C(B+C),,KJVN683,202001,Crestor,116132,32598,68979.99931,0,0,0.05,1,2357.600035,0.05,,
CVRM,CV_C(B+C),,KDFG433,202001,Brilinta 60mg,0,4871,0,0,0,0.14,1,0,0.14,,
CVRM,CV_C(B+C),,KDFG433,202001,Brilinta 90mg,141622,76540,64472,0,0,0.11,1,8486.5,0.11,,
CVRM,CV_C(B+C),,KDFG433,202001,Crestor,200836,42298,80079.9992,0,0,0.05,1,6037.80004,0.05,,
CVRM,CV_C(B+C),,KSVC250,202001,Brilinta 60mg,1894,67541,0,0,0,0.14,1,265.16,0.14,,
CVRM,CV_C(B+C),,KSVC250,202001,Brilinta 90mg,32926,20134,15022,0,0,0.11,1,1969.44,0.11,,
CVRM,CV_C(B+C),,KSVC250,202001,Crestor,138406,220820,213709.9979,0,0,0.05,1,0,0.05,,
CVRM,CV_C(B+C),,KHPF656,202001,Brilinta 60mg,0,6649,0,0,0,0.14,1,0,0.14,,
CVRM,CV_C(B+C),,KHPF656,202001,Brilinta 90mg,189007,126647,82252,0,0,0.11,1,11743.05,0.11,,
CVRM,CV_C(B+C),,KHPF656,202001,Crestor,36307,46633,100889.999,0,0,0.05,1,0,0.05,,
CVRM,CV_C(B+C),,KLNJ996,202001,Brilinta 60mg,0,8422,600,0,0,0.14,1,0,0.14,,
CVRM,CV_C(B+C),,KLNJ996,202001,Brilinta 90mg,246498,162959,186105,0,0,0.11,1,6643.23,0.11,,
CVRM,CV_C(B+C),,KLNJ996,202001,Crestor,47188,71733,156109.9984,0,0,0.05,1,0,0.05,,
CVRM,CV_C(B+C),,MR_C47307_V,202001,Brilinta 60mg,0,23544,0,0,0,0.14,1,0,0.14,,
CVRM,CV_C(B+C),,MR_C47307_V,202001,Brilinta 90mg,26896,153062,63226,0,0,0.11,1,0,0.11,,
CVRM,CV_C(B+C),,MR_C47307_V,202001,Crestor,86700,251830,284399.9972,0,0,0.05,1,0,0.05,,
CVRM,CV_C(B+C),,MR_C47309_V,202001,Brilinta 60mg,0,0,0,0,0,0.14,1,0,0.14,,
CVRM,CV_C(B+C),,MR_C47309_V,202001,Brilinta 90mg,6646,72145,8308,0,0,0.11,1,0,0.11,,
CVRM,CV_C(B+C),,MR_C47309_V,202001,Crestor,95027,246565,240119.9976,0,0,0.05,1,0,0.05,,
CVRM,CV_C(B+C),,MR_C47359_V,202001,Brilinta 60mg,1200,4831,0,0,0,0.14,1,168,0.14,,
CVRM,CV_C(B+C),,MR_C47359_V,202001,Brilinta 90mg,75724,49186,8807,0,0,0.11,1,7360.87,0.11,,
CVRM,CV_C(B+C),,MR_C47359_V,202001,Crestor,11603,36739,163859.9984,0,0,0.05,1,0,0.05,,
CVRM,CV_C(B+C),,MR_C47361_V,202001,Brilinta 60mg,0,1029,0,0,0,0.14,1,0,0.14,,
CVRM,CV_C(B+C),,MR_C47361_V,202001,Brilinta 90mg,184936,83632,32901,0,0,0.11,1,16723.85,0.11,,
CVRM,CV_C(B+C),,MR_C47361_V,202001,Crestor,127269,68627,145609.9985,0,0,0.05,1,0,0.05,,
CVRM,CV_C(B+C),,KHPM368,202001,Brilinta 60mg,0,2366,0,0,0,0.14,1,0,0.14,,
CVRM,CV_C(B+C),,KHPM368,202001,Brilinta 90mg,119303,94422,126285,0,0,0.11,1,0,0.11,,
CVRM,CV_C(B+C),,KHPM368,202001,Crestor,103297,170207,398309.996,0,0,0.05,1,0,0.05,,
CVRM,CV_C(B+C),,MR_C47574_V,202001,Brilinta 60mg,0,0,0,0,0,0.14,1,0,0.14,,
CVRM,CV_C(B+C),,MR_C47574_V,202001,Brilinta 90mg,46713,86681,44615,0,0,0.11,1,230.78,0.11,,
CVRM,CV_C(B+C),,MR_C47574_V,202001,Crestor,135825,170184,234099.9977,0,0,0.05,1,0,0.05,,
